feature,importance
tfidf_tale,38.7703742980957
tfidf_having,34.870521545410156
company_Queens Of Combat,34.14554214477539
tfidf_based,30.615129470825195
tfidf_include,28.18511962890625
cast_Sean White,27.56494140625
tfidf_legendary,27.357637405395508
tfidf_follows,27.035219192504883
cast_Taylor Nikides,26.795433044433594
genre_Drama,26.72772979736328
cast_Kiera Hogan,26.090240478515625
cast_Alex R. Wagner,25.26955795288086
tfidf_understanding,23.84674072265625
tfidf_son,23.446002960205078
cast_Zachary Onciul,23.3221435546875
cast_Samantha Onciul,22.513469696044922
tfidf_bag,22.474395751953125
tfidf_main,21.955175399780273
tfidf_order,21.741275787353516
lang_bn,20.086444854736328
tfidf_action,20.067426681518555
tfidf_heist,19.636049270629883
company_fajr,19.600830078125
tfidf_christian,19.553930282592773
tfidf_sea,19.22789192199707
tfidf_relationships,19.039695739746094
tfidf_island,19.01125144958496
tfidf_person,18.722801208496094
tfidf_line,18.481201171875
tfidf_rise,18.3990535736084
cast_Humayun Saeed,18.232215881347656
tfidf_captain,17.731212615966797
cast_Savannah Evans,17.691205978393555
vote_count,17.58448600769043
tfidf_governor,17.29035186767578
tfidf_hands,17.15069580078125
tfidf_brave,16.894731521606445
cast_Nicholas Onciul,16.80155372619629
cast_Mary Astor,16.6485595703125
cast_Elizabeth Chihaia,15.928435325622559
tfidf_12,15.799762725830078
cast_Hamza Ali Abbasi,15.779827117919922
cast_Christina Kardooni,15.618476867675781
tfidf_walk,15.599736213684082
cast_Dmitriy Sharakois,15.469947814941406
tfidf_audience,15.272351264953613
cast_Dick Justice,15.263147354125977
tfidf_held,15.240537643432617
company_Col Spector,15.114105224609375
tfidf_companies,14.490439414978027
tfidf_wife,14.251081466674805
tfidf_dreams,13.721487998962402
tfidf_events,13.481612205505371
lang_te,13.41862964630127
lang_ur,12.965767860412598
cast_Mikhail Efremov,12.963263511657715
tfidf_annual,12.803634643554688
cast_Bikramjeet Kanwarpal,12.803421020507812
tfidf_musical,12.62579345703125
tfidf_tells,12.288355827331543
tfidf_match,12.206355094909668
company_Ringling College of Art + Design,12.054168701171875
tfidf_love,12.048324584960938
tfidf_best,11.874625205993652
cast_Farhan Ally Agha,11.845951080322266
tfidf_lack,11.803666114807129
company_CT ROAD Entertainment,11.735459327697754
tfidf_city,11.667254447937012
tfidf_16,11.52046012878418
tfidf_families,11.420747756958008
company_Kemal Film,11.346929550170898
cast_Adolphe Menjou,11.251102447509766
tfidf_company,11.092995643615723
tfidf_passed,10.989364624023438
tfidf_pakistan,10.804094314575195
company_Eskay Movies,10.624143600463867
tfidf_avenge,10.547971725463867
cast_Olivia Hasler,10.472909927368164
tfidf_unemployed,10.432464599609375
company_Dhudiya Entertainment,10.355064392089844
cast_Jenny Yokobori,10.333072662353516
tfidf_screen,10.193181991577148
tfidf_adventures,10.177789688110352
tfidf_characters,9.995187759399414
company_Mystery Forest,9.982478141784668
tfidf_turkey,9.957679748535156
cast_Shafqat Cheema,9.944820404052734
company_Driving With Our Eyes Shut,9.932207107543945
tfidf_ring,9.910579681396484
lang_ml,9.892550468444824
cast_Ivan Rudskoi,9.877949714660645
company_TOCCU,9.831174850463867
tfidf_falls,9.830711364746094
tfidf_wrestling,9.766349792480469
cast_Glenn Berggoetz,9.678524017333984
company_C47 Productions,9.618606567382812
genre_Animation,9.516996383666992
cast_Atıf Kaptan,9.493878364562988
tfidf_concert,9.427139282226562
tfidf_event,9.391744613647461
company_GK Studio Productions,9.383234977722168
tfidf_stand,9.33692741394043
tfidf_blood,9.333157539367676
tfidf_songs,9.296614646911621
cast_Patrick Pinney,9.197404861450195
company_Пиманов и партнеры,9.133881568908691
tfidf_worst,9.098709106445312
tfidf_lover,9.091461181640625
tfidf_party,9.059618949890137
tfidf_decided,8.946911811828613
tfidf_better,8.937433242797852
company_T,8.81748104095459
cast_Gianfranco Brero,8.754029273986816
company_Polygram Music Video,8.744930267333984
tfidf_award,8.724019050598145
cast_Ararat Keshchyan,8.570664405822754
tfidf_debut,8.562209129333496
lang_es,8.534939765930176
tfidf_tv,8.508573532104492
tfidf_students,8.373563766479492
tfidf_law,8.34945011138916
cast_Amruta Khanvilkar,8.34179401397705
tfidf_army,8.305785179138184
tfidf_taking,8.299633026123047
tfidf_begins,8.285754203796387
tfidf_free,8.041729927062988
tfidf_computer,8.01270866394043
tfidf_queens,7.860073089599609
tfidf_russian,7.80281925201416
company_Áralan Films S.L.,7.706571578979492
cast_Surveen Chawla,7.692655086517334
tfidf_vs,7.6709794998168945
cast_Harry C. Bradley,7.668168067932129
tfidf_major,7.663103103637695
tfidf_incredible,7.65152645111084
tfidf_90s,7.574491500854492
tfidf_documentary,7.547100067138672
tfidf_play,7.541791915893555
genre_Documentary,7.5118937492370605
genre_Horror,7.479074478149414
company_Movistar+,7.475427627563477
tfidf_really,7.40860652923584
tfidf_achieve,7.386728286743164
tfidf_turning,7.373360633850098
tfidf_popular,7.361595630645752
lang_en,7.346818923950195
tfidf_sleeping,7.305056095123291
tfidf_pro,7.291743755340576
tfidf_thoughts,7.266378402709961
company_Films Amérique,7.1856842041015625
tfidf_detroit,7.184952735900879
tfidf_stage,7.164710998535156
cast_Mike Dopud,7.161162853240967
tfidf_advice,6.989747047424316
tfidf_track,6.9809393882751465
tfidf_raj,6.890430450439453
cast_Chelsea Anne Green,6.856328010559082
tfidf_comedy,6.80441427230835
tfidf_murdered,6.784176349639893
tfidf_beach,6.770777225494385
cast_Mikhail Galustyan,6.765822887420654
tfidf_control,6.760326862335205
company_Boll Kino Beteiligungs GmbH & Co. KG,6.759291648864746
tfidf_begin,6.740940093994141
runtime,6.646854877471924
company_Brightlight Pictures,6.6212477684021
tfidf_music,6.614135265350342
tfidf_manager,6.610831260681152
cast_Lenny Venito,6.5891571044921875
tfidf_inside,6.584065914154053
cast_Joju George,6.554230690002441
lang_hi,6.4546966552734375
tfidf_america,6.431901454925537
tfidf_marital,6.429452896118164
tfidf_wish,6.423513889312744
company_Nu Wave Films,6.3548197746276855
tfidf_trying,6.308257579803467
tfidf_filmed,6.283872604370117
tfidf_deep,6.230491638183594
company_Horse Native Productions,6.216712951660156
tfidf_biggest,6.157731533050537
tfidf_known,6.132813930511475
tfidf_tradition,6.125865936279297
tfidf_stole,6.121899604797363
cast_Randall Duk Kim,6.076838970184326
company_DreamWE Entertainment,6.074283123016357
cast_Koichi Ueda,6.058259963989258
cast_Callee Wilkerson,6.0209245681762695
tfidf_realizes,5.995334148406982
cast_Musthafa,5.970644950866699
cast_Hana Kimura,5.962361812591553
cast_Christine Baranski,5.952238082885742
cast_Netri Trivedi,5.952110290527344
tfidf_famous,5.907558441162109
cast_John Hawkes,5.8835906982421875
tfidf_code,5.854228496551514
company_Eel Sauce Productions,5.847938537597656
tfidf_robot,5.837547302246094
tfidf_thrown,5.836577415466309
cast_Pavel Kraynov,5.822436332702637
tfidf_announced,5.786744117736816
lang_ru,5.778166770935059
tfidf_guys,5.7740044593811035
genre_Western,5.7602105140686035
cast_Marina Malota,5.747601509094238
tfidf_hometown,5.714951038360596
tfidf_child,5.713850498199463
tfidf_youngsters,5.698380470275879
cast_Meghna Haldar,5.691929817199707
tfidf_loves,5.670985221862793
cast_David Landgrave Romo,5.661907196044922
cast_Kangana Ranaut,5.650636196136475
lang_pa,5.630795001983643
tfidf_singer,5.579411029815674
tfidf_recorded,5.575648784637451
tfidf_nina,5.574784755706787
tfidf_competition,5.570247650146484
tfidf_unfolds,5.538602828979492
cast_Daniel,5.531091690063477
tfidf_win,5.495645999908447
company_Halo ONE productions,5.49332857131958
company_Chloe Productions,5.46472692489624
tfidf_destruction,5.458355903625488
tfidf_decides,5.438479423522949
tfidf_goa,5.403425216674805
tfidf_return,5.387722492218018
tfidf_iran,5.387084484100342
genre_Music,5.352061748504639
tfidf_strangers,5.347743034362793
tfidf_kong,5.340975284576416
cast_won,5.320613861083984
tfidf_returns,5.313539981842041
company_K,5.2987060546875
tfidf_girl,5.292115688323975
tfidf_faces,5.277619361877441
tfidf_nights,5.268976211547852
tfidf_prostitute,5.266214370727539
tfidf_lucky,5.2485785484313965
cast_Christian Hecq,5.240547180175781
tfidf_revolves,5.223955154418945
tfidf_extra,5.201128959655762
tfidf_reputation,5.181528091430664
tfidf_complete,5.167861461639404
cast_Kim Basinger,5.16270637512207
tfidf_college,5.144142150878906
lang_ja,5.142708778381348
cast_Houman Seyyedi,5.127457141876221
company_Pouya Film,5.110036373138428
company_Parcstar Assembly,5.0771331787109375
tfidf_2017,5.063257694244385
tfidf_hollywood,5.058369159698486
company_Sunday Morning Records,5.053929805755615
lang_uk,5.032529830932617
lang_ko,5.023871898651123
tfidf_deal,5.007325172424316
cast_Will Sanderson,5.006991863250732
cast_Dana Seltzer,4.98494291305542
tfidf_gold,4.98077917098999
company_Famous Studios,4.969418048858643
tfidf_story,4.9534592628479
cast_Nikki Addams,4.9471259117126465
cast_Suresh Krishna,4.9414472579956055
tfidf_scientist,4.934625148773193
tfidf_fun,4.9274396896362305
tfidf_university,4.891064167022705
tfidf_got,4.875484466552734
tfidf_black,4.839141845703125
tfidf_century,4.8358473777771
tfidf_decision,4.831779956817627
tfidf_man,4.8273725509643555
tfidf_shows,4.82505989074707
tfidf_gang,4.79124641418457
cast_Crista Flanagan,4.7891106605529785
company_LUV Films,4.786772727966309
tfidf_produced,4.763596534729004
tfidf_pregnant,4.73854398727417
cast_Genevieve Goulet,4.706882476806641
tfidf_features,4.701831340789795
cast_Joanna Marie,4.699422359466553
lang_pt,4.695957660675049
tfidf_energy,4.695167541503906
tfidf_joins,4.689783096313477
tfidf_priest,4.681486129760742
tfidf_ladies,4.679474830627441
tfidf_human,4.6643385887146
tfidf_japan,4.659862518310547
tfidf_challenges,4.659782409667969
tfidf_attack,4.653273582458496
tfidf_film,4.650339126586914
genre_Action,4.644376277923584
cast_Никита Зверев,4.642711639404297
cast_Paige Wooding,4.635074615478516
tfidf_korean,4.615432262420654
tfidf_discover,4.614957332611084
tfidf_market,4.600219249725342
cast_Greg Ellis,4.5968523025512695
cast_Alisha Inacio Maher,4.585468769073486
tfidf_ball,4.576231002807617
company_Franchise Pictures,4.564713478088379
tfidf_important,4.547035217285156
company_Goldwyn,4.542464733123779
tfidf_india,4.537753105163574
tfidf_involved,4.53523063659668
tfidf_troubles,4.532829284667969
tfidf_solve,4.513686180114746
tfidf_affair,4.509329795837402
cast_Santana Garrett,4.509096622467041
tfidf_moscow,4.490038871765137
tfidf_opera,4.486220359802246
company_CineGenie MPC,4.468583583831787
cast_John Travolta,4.467167377471924
tfidf_bloodthirsty,4.408740043640137
tfidf_evil,4.402672290802002
company_Fish Eye Network,4.397935390472412
tfidf_late,4.395299434661865
cast_Mariano Rigillo,4.388696193695068
tfidf_little,4.368497371673584
tfidf_rival,4.353762149810791
cast_V. Suresh Thampanoor,4.319324016571045
cast_Johnny Arthur,4.305466651916504
cast_Kimberly Ann Frankele,4.294029712677002
tfidf_flees,4.276882171630859
tfidf_release,4.263106822967529
tfidf_missing,4.253513336181641
tfidf_enemy,4.24707555770874
tfidf_greedy,4.243698596954346
tfidf_driven,4.242183685302734
tfidf_rabbit,4.238605499267578
tfidf_favorite,4.231911659240723
tfidf_2007,4.224106788635254
tfidf_raised,4.219607353210449
tfidf_harry,4.214328289031982
company_Momentum Pictures,4.2086405754089355
tfidf_super,4.199273109436035
company_Camfam Studios,4.188811779022217
tfidf_games,4.188726425170898
tfidf_date,4.1818132400512695
cast_Bess Flowers,4.1808857917785645
tfidf_told,4.178384304046631
tfidf_funny,4.172281265258789
cast_Gonzalo Bendala,4.166130065917969
cast_Fyodor Dobronravov,4.1566290855407715
cast_Vannarah Riggs,4.1522746086120605
tfidf_promotion,4.145092964172363
tfidf_people,4.133446216583252
cast_Kaori Yoneyama,4.131387233734131
tfidf_changed,4.106867790222168
tfidf_royal,4.104369640350342
lang_de,4.101571559906006
company_Series,4.098433017730713
tfidf_visit,4.091184616088867
tfidf_power,4.089284420013428
tfidf_race,4.08517599105835
company_Baraban Films,4.084471225738525
tfidf_wants,4.082935810089111
tfidf_dead,4.081958293914795
tfidf_bit,4.079841613769531
tfidf_says,4.065008640289307
tfidf_fans,4.036706447601318
lang_ta,4.032238006591797
company_Les Films Christian Fechner,4.029310703277588
tfidf_suicide,4.018118381500244
company_Fiction Cinematografica S.p.a.,4.0130767822265625
tfidf_hold,4.005058765411377
company_Revolution Studios,4.001254558563232
tfidf_later,4.000528812408447
tfidf_serial,3.99969744682312
tfidf_routine,3.9989571571350098
cast_Anne Chazel,3.988948106765747
tfidf_prepare,3.9874789714813232
cast_Andrew Pulido,3.984156370162964
tfidf_hop,3.9839649200439453
cast_Ezio Greggio,3.9800548553466797
company_ Fernsehen aus Hannover,3.970012664794922
company_7th Sky Entertainment,3.968414306640625
tfidf_14,3.9643800258636475
cast_Bert Stevens,3.9632482528686523
tfidf_rob,3.95350980758667
tfidf_edition,3.9397363662719727
tfidf_sister,3.9356889724731445
company_Sohail Khan Production,3.933279037475586
tfidf_depression,3.932809591293335
cast_Michelle Lang,3.916356086730957
tfidf_befriends,3.897623062133789
tfidf_gruesome,3.8965485095977783
tfidf_leigh,3.888023853302002
cast_Miglen Mirtchev,3.885683298110962
cast_Suraj Venjaramoodu,3.866132974624634
cast_Zachary Gordon,3.8552169799804688
tfidf_romantic,3.851308822631836
tfidf_break,3.8498904705047607
cast_Ken Jeong,3.8370606899261475
tfidf_convinced,3.8026959896087646
tfidf_greek,3.793506622314453
tfidf_worse,3.7841310501098633
lang_fa,3.7809808254241943
tfidf_short,3.780381441116333
cast_Otto Hoffman,3.776925563812256
cast_Gustavo Vargas,3.7763490676879883
company_Premise Media Corporation,3.7660553455352783
tfidf_written,3.7659072875976562
tfidf_arrogant,3.75783109664917
tfidf_death,3.744385004043579
tfidf_murders,3.738692283630371
tfidf_murder,3.7350945472717285
tfidf_passengers,3.721489191055298
tfidf_mind,3.7084217071533203
tfidf_soon,3.7020976543426514
tfidf_goes,3.6628520488739014
tfidf_depressed,3.649109363555908
tfidf_daughter,3.640956163406372
tfidf_years,3.6365766525268555
company_Wralkat Studios,3.6356184482574463
tfidf_near,3.629619836807251
tfidf_villainous,3.626742362976074
tfidf_left,3.624213695526123
tfidf_happened,3.6219985485076904
tfidf_sex,3.614677906036377
tfidf_bizarre,3.612584352493286
company_Mondo Home Entertainment,3.612309217453003
cast_Max Barsky,3.5992190837860107
tfidf_able,3.5984644889831543
lang_hu,3.5971148014068604
company_Overbrook Entertainment,3.5961709022521973
tfidf_legend,3.5952816009521484
tfidf_2016,3.5897510051727295
tfidf_friends,3.58416485786438
tfidf_lisa,3.5836422443389893
tfidf_poor,3.5831475257873535
cast_John Kassir,3.5820064544677734
company_Bannon Films,3.5778098106384277
tfidf_apart,3.576155662536621
cast_Hiroyo Matsumoto,3.5693624019622803
tfidf_thriller,3.5656685829162598
tfidf_hero,3.5512311458587646
tfidf_organization,3.5509796142578125
company_SCOPE Pictures,3.545117139816284
tfidf_ruin,3.5366244316101074
tfidf_fund,3.5350699424743652
cast_Cecilia Parker,3.529282331466675
tfidf_widow,3.525135040283203
tfidf_night,3.5246355533599854
company_Swiss Entertainment,3.523843765258789
tfidf_furious,3.5213136672973633
tfidf_celebrity,3.5169525146484375
tfidf_james,3.511263370513916
cast_Deonna Purrazzo,3.5094547271728516
cast_Arthur Lewis,3.5086498260498047
tfidf_wives,3.5085809230804443
tfidf_climb,3.5058326721191406
tfidf_cup,3.49794602394104
tfidf_ex,3.497060775756836
cast_Götz Otto,3.480731964111328
tfidf_series,3.474543333053589
cast_Alvarez,3.4703845977783203
tfidf_meet,3.4703285694122314
tfidf_unusual,3.4614126682281494
tfidf_pair,3.445448875427246
company_Chabo Films,3.4402365684509277
tfidf_uses,3.438791275024414
tfidf_travels,3.431661605834961
cast_Jenny Rose,3.4095771312713623
tfidf_history,3.3940508365631104
tfidf_inspirational,3.393209457397461
cast_William Powell,3.3827552795410156
cast_Carmen Electra,3.379260301589966
tfidf_monroe,3.379164457321167
tfidf_men,3.3716354370117188
tfidf_fast,3.3457555770874023
company_Mayer,3.3406801223754883
tfidf_destined,3.3392844200134277
tfidf_dr,3.330524444580078
tfidf_circus,3.33011531829834
tfidf_unable,3.327620267868042
company_United Artists,3.315971851348877
tfidf_hotel,3.3133902549743652
cast_Patrick Warburton,3.3090579509735107
lang_ar,3.3076491355895996
tfidf_drinking,3.3059277534484863
tfidf_leader,3.3025598526000977
tfidf_called,3.3022685050964355
tfidf_presents,3.299642562866211
cast_sung,3.299441337585449
company_Herold Productions,3.285612106323242
tfidf_villa,3.2830326557159424
tfidf_ordered,3.282498836517334
tfidf_follow,3.2784523963928223
cast_Samantha Cohen,3.2741432189941406
tfidf_telling,3.270989418029785
tfidf_emerges,3.264371156692505
cast_Ashley Urbanski,3.264035940170288
popularity,3.263418674468994
tfidf_earth,3.257195472717285
tfidf_west,3.2562732696533203
tfidf_terrible,3.2546210289001465
cast_Sergio Solli,3.254042625427246
tfidf_hidden,3.250977039337158
cast_Ajay Devgn,3.2446177005767822
cast_Ryan Garner,3.240468978881836
cast_JJ Neward,3.2367725372314453
cast_Alexandra Barrulas,3.234086036682129
cast_Katrina Kaif,3.2235655784606934
cast_Vishal Malhotra,3.2230935096740723
tfidf_airport,3.2217752933502197
company_Fairway International Pictures,3.2049691677093506
tfidf_sweet,3.2016143798828125
tfidf_present,3.1947994232177734
company_Vertigo Films,3.17742919921875
tfidf_living,3.168654441833496
company_Central Partnership,3.1681320667266846
cast_Sylvie Testud,3.165799379348755
tfidf_competing,3.164166212081909
tfidf_entangled,3.161724090576172
tfidf_police,3.155308246612549
company_MTV Films,3.150167465209961
cast_Josiane Balasko,3.1499950885772705
cast_Ron Perlman,3.1498870849609375
company_Foul Play Films,3.1434831619262695
tfidf_guy,3.1426193714141846
tfidf_secrets,3.1388702392578125
cast_Gene Lockhart,3.138207197189331
tfidf_lufisto,3.129672050476074
tfidf_european,3.1254429817199707
tfidf_stop,3.124321460723877
tfidf_expert,3.1177330017089844
tfidf_beautiful,3.114954710006714
tfidf_powerful,3.1068344116210938
cast_Carmen Ruiz,3.105607032775879
tfidf_rich,3.1034226417541504
tfidf_house,3.1032330989837646
cast_Sunil Sukhada,3.10195255279541
cast_Chunky Pandey,3.097932815551758
tfidf_club,3.0971336364746094
company_Films,3.093003034591675
cast_Nydia Westman,3.0909178256988525
tfidf_sorority,3.090468406677246
tfidf_obstacles,3.089174509048462
cast_Olsen,3.084853172302246
cast_Adile Naşit,3.0799858570098877
tfidf_issues,3.077293872833252
budget,3.0739645957946777
tfidf_interested,3.0706562995910645
tfidf_wicked,3.0607173442840576
tfidf_place,3.058838129043579
tfidf_shark,3.053905963897705
tfidf_naked,3.053184986114502
tfidf_mother,3.051807165145874
tfidf_broke,3.0505459308624268
cast_Miley Cyrus,3.038633346557617
tfidf_italian,3.032053232192993
cast_Ornella Muti,3.0309276580810547
company_Film Workshop,3.0305633544921875
cast_Don Lake,3.02885365486145
cast_M. Dicky Firmansyah,3.0254650115966797
tfidf_texas,3.0244271755218506
tfidf_working,3.024362802505493
tfidf_come,3.0240659713745117
company_Big Screen Productions,3.023803949356079
cast_Tim Roth,3.0204739570617676
tfidf_orleans,3.0200419425964355
company_DC Entertainment,3.0176243782043457
tfidf_industrial,3.017062187194824
cast_James Gleason,3.0154664516448975
tfidf_insurance,3.0135059356689453
company_Dead Alive Productions,3.0117104053497314
cast_Antonio Banderas,3.0082578659057617
tfidf_plan,3.008042097091675
tfidf_parents,3.005852460861206
tfidf_seduce,3.0037262439727783
cast_Jason Schwartzman,3.003383159637451
tfidf_hide,3.001605987548828
tfidf_successful,3.001477003097534
tfidf_officials,3.000377655029297
cast_Jeffrey Sayre,2.9974732398986816
cast_Gérard Depardieu,2.994489908218384
cast_Robert Pattinson,2.9901442527770996
tfidf_hand,2.9874305725097656
tfidf_specialist,2.986280918121338
tfidf_solo,2.979792594909668
cast_Adam Hicks,2.979093551635742
cast_Kristen Wiig,2.978382110595703
tfidf_muslim,2.9706716537475586
tfidf_spring,2.970050096511841
tfidf_lowly,2.9646358489990234
tfidf_success,2.9645450115203857
company_Funky Monkey Productions,2.963491439819336
cast_Ben Stein,2.9629764556884766
tfidf_past,2.962336540222168
tfidf_despite,2.9446630477905273
tfidf_terry,2.941751480102539
cast_Lance E. Nichols,2.934739828109741
tfidf_atlantic,2.9278385639190674
tfidf_inspired,2.9277143478393555
tfidf_khan,2.9250192642211914
cast_Gosha Kutsenko,2.924179792404175
tfidf_crash,2.921782970428467
company_Globo Filmes,2.910294532775879
tfidf_came,2.9054391384124756
cast_Sathyan Sivakumar,2.904184341430664
tfidf_cinematic,2.903806686401367
tfidf_merciless,2.903017520904541
genre_Comedy,2.9023025035858154
tfidf_lot,2.899290084838867
tfidf_rape,2.8985612392425537
cast_Hill Harper,2.8977043628692627
cast_Donnie Yen,2.896895408630371
cast_Larry Steers,2.896777868270874
company_SMG Pictures,2.895780563354492
tfidf_ivy,2.891515016555786
tfidf_education,2.8899784088134766
company_Dune Entertainment,2.886579990386963
cast_Ed Westwick,2.8851404190063477
cast_Andy Dick,2.8771345615386963
cast_Luke Fugere,2.8737165927886963
tfidf_list,2.8733062744140625
tfidf_violence,2.8713817596435547
tfidf_marry,2.864203929901123
cast_Ashley Benson,2.86307692527771
tfidf_galaxy,2.8614234924316406
tfidf_intelligent,2.8610801696777344
company_Assemblage Entertainment,2.8587441444396973
tfidf_buddies,2.8586056232452393
tfidf_homeless,2.852860927581787
tfidf_boring,2.845947504043579
tfidf_resort,2.8444135189056396
cast_Rahul Dev,2.836911201477051
cast_Barbara Cason,2.8336148262023926
tfidf_round,2.830672264099121
tfidf_supernatural,2.8292062282562256
tfidf_lonely,2.821258544921875
tfidf_heir,2.815776824951172
tfidf_patient,2.8109657764434814
tfidf_quest,2.809466600418091
tfidf_independence,2.806312322616577
tfidf_gain,2.805081844329834
tfidf_red,2.8036653995513916
cast_Olive Carey,2.799553632736206
tfidf_tricks,2.7971291542053223
tfidf_waitress,2.7959580421447754
tfidf_danger,2.794097423553467
tfidf_cancer,2.793833017349243
tfidf_thanksgiving,2.7874114513397217
tfidf_possessed,2.7873852252960205
cast_Henry Thia,2.7851479053497314
tfidf_teachers,2.7846193313598633
tfidf_large,2.7835357189178467
tfidf_patrick,2.7818470001220703
tfidf_parties,2.7770817279815674
tfidf_sudden,2.7746975421905518
lang_zh,2.7650527954101562
tfidf_childhood,2.7645015716552734
cast_Michael Harding,2.764491319656372
tfidf_featuring,2.7642815113067627
tfidf_marriage,2.7620902061462402
tfidf_reality,2.759517192840576
tfidf_adventure,2.7578656673431396
tfidf_encounters,2.756991386413574
tfidf_federation,2.7565560340881348
tfidf_making,2.756246566772461
cast_Richard Gant,2.7561404705047607
tfidf_watts,2.7514467239379883
tfidf_student,2.7486627101898193
cast_Woody Allen,2.748495578765869
cast_Berto Romero,2.745306968688965
tfidf_officer,2.737283706665039
tfidf_way,2.7353694438934326
cast_Alencier Ley Lopez,2.7341747283935547
tfidf_property,2.7329323291778564
tfidf_cure,2.7316861152648926
tfidf_mayhem,2.7302093505859375
company_Medusa Film,2.7294979095458984
tfidf_filled,2.7273197174072266
cast_Boris Dergachev,2.723151445388794
tfidf_monster,2.7229504585266113
tfidf_year,2.7223942279815674
tfidf_strange,2.717691421508789
tfidf_capable,2.7168805599212646
tfidf_age,2.7114486694335938
tfidf_surviving,2.709956407546997
cast_Charlotte Merriam,2.706681728363037
tfidf_rises,2.7052345275878906
tfidf_rapidly,2.702451705932617
cast_Evgeniy Dyatlov,2.6907997131347656
cast_Nicky Whelan,2.688657760620117
tfidf_answer,2.68658447265625
tfidf_blind,2.6862664222717285
tfidf_simply,2.6856894493103027
tfidf_brothers,2.6824276447296143
tfidf_unfold,2.6801750659942627
tfidf_2008,2.6782689094543457
tfidf_agrees,2.6747472286224365
cast_Ethan Laidlaw,2.6731760501861572
company_Casé Filmes,2.6661314964294434
cast_Nikita Tabunshchik,2.6549301147460938
tfidf_batman,2.6491334438323975
cast_Christopher Lambert,2.6486868858337402
cast_Shaquille O'Neal,2.6483874320983887
cast_Ihsan Abdurrahman,2.6468772888183594
cast_Posani Krishna Murali,2.646591901779175
tfidf_voice,2.6443307399749756
tfidf_magic,2.6436209678649902
tfidf_epic,2.643369674682617
cast_Wayne Pére,2.641918659210205
cast_Sara Jean Underwood,2.6385021209716797
tfidf_great,2.633127450942993
cast_Nick Olson,2.6299123764038086
company_Atlantic Entertainment Group,2.6291146278381348
tfidf_stuck,2.627206325531006
tfidf_triangle,2.6232240200042725
company_Weldon Pictures Corp.,2.622786045074463
tfidf_eerie,2.6226284503936768
tfidf_air,2.618232488632202
tfidf_billionaire,2.615133285522461
tfidf_suffers,2.6138763427734375
tfidf_princess,2.611452341079712
tfidf_responsible,2.610931158065796
cast_Sharon Stone,2.6081440448760986
cast_Juhi Chawla,2.6069421768188477
cast_Robert Davi,2.605455160140991
tfidf_drug,2.6018104553222656
cast_Penélope Cruz,2.598994255065918
tfidf_flight,2.5989067554473877
tfidf_community,2.5984132289886475
tfidf_seven,2.5920238494873047
tfidf_plans,2.590593099594116
tfidf_killed,2.5701558589935303
lang_cn,2.5696706771850586
cast_Jim Palmer,2.553823947906494
tfidf_portrait,2.5496838092803955
tfidf_time,2.549520254135132
tfidf_wrong,2.547110080718994
cast_Vivica A. Fox,2.5470266342163086
tfidf_does,2.5456314086914062
cast_Toni Collette,2.540924072265625
tfidf_survival,2.539022445678711
company_Blumhouse Productions,2.536139965057373
tfidf_prehistoric,2.5350420475006104
tfidf_escaping,2.53360652923584
tfidf_stranded,2.5323519706726074
tfidf_experience,2.5316977500915527
tfidf_calaway,2.529489517211914
cast_Tiffany Paulsen,2.5294089317321777
tfidf_prove,2.529266595840454
tfidf_porn,2.526285409927368
cast_Kaitlin Diemond,2.524231433868408
cast_Jisshu Sengupta,2.520488739013672
tfidf_everybody,2.5180211067199707
tfidf_village,2.5168235301971436
tfidf_duty,2.5157315731048584
tfidf_detective,2.510556221008301
cast_Martin Klebba,2.508697748184204
cast_Annabelle Wallis,2.5066452026367188
tfidf_nightmares,2.503030300140381
tfidf_planet,2.502185344696045
tfidf_fleeing,2.5009171962738037
tfidf_experienced,2.497824192047119
cast_David Alan Grier,2.4961509704589844
tfidf_grant,2.494741201400757
tfidf_widower,2.4929280281066895
tfidf_sky,2.4875895977020264
tfidf_south,2.486542224884033
tfidf_prison,2.4855799674987793
cast_Dave Goelz,2.483381748199463
cast_Vincent Price,2.4816019535064697
tfidf_al,2.480463981628418
company_Happy Madison Productions,2.4802191257476807
tfidf_make,2.4800240993499756
tfidf_god,2.4751901626586914
cast_Anna Faris,2.4744415283203125
tfidf_days,2.4725656509399414
cast_Şener Şen,2.4680776596069336
tfidf_shocking,2.466444969177246
tfidf_forced,2.466364860534668
tfidf_winner,2.4654088020324707
tfidf_21,2.465134620666504
tfidf_hole,2.463571071624756
tfidf_leaves,2.463456153869629
genre_Thriller,2.463040828704834
tfidf_ends,2.4626433849334717
tfidf_younger,2.4626388549804688
cast_Greta Gerwig,2.4626331329345703
cast_Emmy Rossum,2.4624438285827637
cast_Coolio,2.4619686603546143
tfidf_france,2.4559569358825684
cast_Gérard Jugnot,2.454200267791748
cast_Lal,2.4510746002197266
cast_Kira Renee Forster,2.4469821453094482
tfidf_revenge,2.4457168579101562
tfidf_group,2.4443695545196533
tfidf_prom,2.4359474182128906
cast_Shraddha Kapoor,2.4358158111572266
cast_Michael Fassbender,2.4337644577026367
company_Qabe Aseman Film Production,2.4330101013183594
tfidf_academy,2.430342435836792
tfidf_willing,2.429928779602051
tfidf_trader,2.4294393062591553
tfidf_accident,2.4289989471435547
tfidf_moment,2.4288415908813477
cast_Jason Segel,2.428386688232422
cast_Madeline Kahn,2.4271514415740967
tfidf_deadly,2.4268710613250732
company_Company Films,2.416593551635742
cast_Muthu Raman,2.4158902168273926
cast_Eddie Albert,2.4154489040374756
tfidf_fall,2.4116971492767334
tfidf_outside,2.4070913791656494
tfidf_life,2.406264543533325
tfidf_discovering,2.4035727977752686
tfidf_lottery,2.4023818969726562
tfidf_occupied,2.4014954566955566
tfidf_small,2.4014484882354736
tfidf_look,2.3985631465911865
tfidf_starts,2.398369312286377
cast_Taylor Negron,2.3983187675476074
cast_Martha Girvin,2.398158073425293
company_CBN Film Productions,2.396740198135376
tfidf_sinister,2.3967125415802
cast_Ray Winstone,2.3932266235351562
tfidf_prior,2.3929011821746826
tfidf_including,2.3925881385803223
cast_Bill Hader,2.391761541366577
company_SSFdR Project,2.3904037475585938
cast_Fiona Shaw,2.3902320861816406
company_Birsel Film,2.3899307250976562
tfidf_save,2.388275623321533
cast_George J. Manos,2.383707046508789
cast_Post Malone,2.3822553157806396
tfidf_like,2.380838632583618
tfidf_brink,2.37506103515625
tfidf_kills,2.3746964931488037
tfidf_names,2.371363639831543
cast_Vanessa Hudgens,2.36929988861084
tfidf_unknown,2.3692445755004883
tfidf_relationship,2.363313674926758
company_Stoney Lake Entertainment,2.3608579635620117
cast_Alfre Woodard,2.360485076904297
tfidf_jewish,2.35945463180542
tfidf_eccentric,2.3582725524902344
cast_Billy Concha,2.357210874557495
company_Silver Reel,2.357121467590332
tfidf_streets,2.3454506397247314
tfidf_older,2.3401641845703125
tfidf_frankenstein,2.3389267921447754
genre_Science Fiction,2.337521553039551
company_Indie Rights,2.334254741668701
company_Sri Kala International,2.334062099456787
company_MIG Media Company,2.3297219276428223
tfidf_hours,2.3222529888153076
cast_Ernie Hudson,2.314481735229492
tfidf_superior,2.3132290840148926
tfidf_fascinated,2.3126492500305176
tfidf_untold,2.3120274543762207
tfidf_misfits,2.310529947280884
tfidf_steal,2.308823585510254
tfidf_performing,2.304579734802246
tfidf_john,2.2997024059295654
tfidf_compete,2.299546957015991
tfidf_chase,2.298574686050415
cast_Victor Dobronravov,2.297818660736084
cast_Mike Wilson,2.297758102416992
tfidf_seeking,2.297696113586426
tfidf_ways,2.2946884632110596
tfidf_dog,2.288668155670166
cast_Vicky Caesar Elang Palar,2.286343574523926
tfidf_mortal,2.2851665019989014
cast_Morgan Freeman,2.2850165367126465
company_MM2 Entertainment,2.284972667694092
company_Sony Pictures,2.2848074436187744
cast_Yekaterina Kopanova,2.284796714782715
tfidf_core,2.2844581604003906
cast_William Tannen,2.283226490020752
company_Whiplash Films,2.2812070846557617
cast_Ken Christy,2.279214859008789
company_Televisa,2.2774810791015625
tfidf_dark,2.276693344116211
cast_Rick D. Wasserman,2.2745532989501953
tfidf_appears,2.2715260982513428
tfidf_using,2.2711803913116455
tfidf_brother,2.269927501678467
cast_Ekaterina Kuznetsova,2.2678229808807373
tfidf_things,2.266118288040161
company_Dune Entertainment III,2.2648420333862305
tfidf_irish,2.2620058059692383
tfidf_president,2.2598519325256348
company_Blue Crow Productions,2.2596583366394043
company_K N M & Percy Pictures,2.2592411041259766
company_Famous Players,2.2588348388671875
tfidf_sight,2.2584781646728516
tfidf_future,2.256138801574707
cast_Jonathan Feyer,2.254016876220703
cast_Christian Boeving,2.252861738204956
tfidf_means,2.2502403259277344
cast_Tom Kane,2.249366521835327
tfidf_park,2.2485125064849854
tfidf_tales,2.248173236846924
cast_Tom McGrath,2.247373580932617
cast_Alice Pitman,2.24267578125
cast_Frank C. Turner,2.2379846572875977
tfidf_especially,2.237588882446289
tfidf_laura,2.2368721961975098
cast_M. S. Bhaskar,2.235027313232422
cast_Prem Kumar,2.2335355281829834
cast_Marlon Wayans,2.233396053314209
company_Tokyo FM,2.233336925506592
tfidf_17th,2.2326765060424805
cast_Deborah Offner,2.2326583862304688
tfidf_distant,2.232628107070923
tfidf_bears,2.2294678688049316
cast_Pierre Watkin,2.2289645671844482
tfidf_overcome,2.2275588512420654
tfidf_nevaeh,2.226252555847168
cast_Geoff Stults,2.2260677814483643
tfidf_possesses,2.225084066390991
tfidf_heroes,2.2202253341674805
company_Lucky Red,2.2190680503845215
tfidf_beliefs,2.214733600616455
tfidf_chicago,2.21379017829895
tfidf_underground,2.2127559185028076
cast_Anthony Mackie,2.2109947204589844
tfidf_friendship,2.2109127044677734
tfidf_odyssey,2.209935188293457
cast_Deron McBee,2.2042031288146973
tfidf_knows,2.202493906021118
tfidf_war,2.2001726627349854
tfidf_named,2.198195219039917
cast_Vladimir Zaytsev,2.1963043212890625
tfidf_mona,2.194279432296753
tfidf_thinks,2.19109845161438
tfidf_jason,2.1872785091400146
tfidf_enterprise,2.1870758533477783
company_Liberty University,2.186494827270508
cast_Heather Graham,2.1840100288391113
tfidf_faith,2.1809639930725098
company_Starant Studios,2.1809253692626953
cast_Melvyn Douglas,2.1808576583862305
cast_Rami Malek,2.178009033203125
cast_Steve Buscemi,2.176480293273926
tfidf_enemies,2.1757588386535645
tfidf_girls,2.174159049987793
tfidf_allowed,2.1724720001220703
tfidf_threat,2.1700937747955322
cast_Randy Quaid,2.16790771484375
company_Nu Image,2.1643526554107666
tfidf_contend,2.1610679626464844
company_academia audioplace,2.1609363555908203
cast_Paul Rudd,2.1584930419921875
tfidf_25,2.1569530963897705
tfidf_bride,2.1566638946533203
tfidf_strength,2.155238151550293
tfidf_gives,2.1550254821777344
company_Shirogumi,2.1542115211486816
tfidf_weeks,2.1530826091766357
tfidf_destroyed,2.1529574394226074
cast_John George,2.152881145477295
tfidf_women,2.152614116668701
cast_Richard Miro,2.150157928466797
tfidf_bandit,2.1500401496887207
tfidf_midst,2.149690866470337
cast_Jayaprakash Reddy,2.1492156982421875
company_Dimension Films,2.148752212524414
cast_Dawn Chubai,2.148386001586914
tfidf_brittany,2.1478798389434814
tfidf_tell,2.146683931350708
lang_tl,2.1465699672698975
company_Eon Productions,2.1464462280273438
tfidf_new,2.146195411682129
tfidf_destiny,2.143425941467285
tfidf_title,2.1433138847351074
tfidf_average,2.1392197608947754
cast_Michael Papajohn,2.1346967220306396
tfidf_sexual,2.134077548980713
tfidf_dashing,2.1339008808135986
tfidf_tumultuous,2.1291892528533936
cast_Lisa Vischer,2.126030921936035
cast_Robert Mitchum,2.1258926391601562
tfidf_jenny,2.1257457733154297
tfidf_spirited,2.1248247623443604
cast_Kurt Angle,2.124466896057129
tfidf_real,2.12377667427063
tfidf_female,2.1220102310180664
tfidf_helping,2.1219065189361572
tfidf_truly,2.1204521656036377
tfidf_wait,2.1187071800231934
cast_Idris Elba,2.116448163986206
cast_Jess Harnell,2.116020679473877
cast_Claude Van Damme,2.1149988174438477
tfidf_neglects,2.114643096923828
tfidf_set,2.1120729446411133
tfidf_oregon,2.110748767852783
tfidf_traveling,2.1098945140838623
tfidf_doctor,2.109619379043579
revenue,2.1049370765686035
tfidf_good,2.102994441986084
company_Paradox Spillefilm,2.102992057800293
cast_Peter McRobbie,2.102362632751465
tfidf_going,2.1011314392089844
tfidf_german,2.0972142219543457
company_Jeno Teno Film,2.093325614929199
cast_Larry Miller,2.0910325050354004
tfidf_seductive,2.0902650356292725
tfidf_possibly,2.088168144226074
tfidf_vegas,2.0874578952789307
cast_Juliette Binoche,2.086167335510254
tfidf_11,2.0847482681274414
tfidf_write,2.0829567909240723
tfidf_drama,2.081655740737915
tfidf_kingdom,2.080371618270874
cast_William H. O'Brien,2.0801618099212646
tfidf_san,2.0796782970428467
tfidf_jack,2.0779013633728027
tfidf_art,2.077681064605713
tfidf_la,2.0772180557250977
lang_fr,2.0699286460876465
cast_Antoine Diquéro,2.066661834716797
tfidf_throne,2.063588857650757
tfidf_historical,2.063582420349121
cast_Nawazuddin Siddiqui,2.060758590698242
cast_hoon,2.058310031890869
tfidf_presence,2.05810546875
cast_Emma Stone,2.0565242767333984
cast_Ken Anthony II,2.055790901184082
tfidf_chance,2.0530498027801514
tfidf_talented,2.0519607067108154
cast_Charles Trowbridge,2.051842212677002
tfidf_member,2.05078125
cast_Ravshana Kurkova,2.0504651069641113
tfidf_lord,2.048715114593506
company_Marvel Enterprises,2.0482521057128906
company_Borderline Entertainment,2.045921802520752
cast_Keanu Reeves,2.0443363189697266
tfidf_mysteriously,2.041334867477417
tfidf_touching,2.0329954624176025
tfidf_china,2.030510425567627
tfidf_bond,2.0298995971679688
tfidf_creating,2.0293946266174316
company_Wild Bunch,2.0269289016723633
cast_Jeff Daniel Phillips,2.021989583969116
tfidf_promises,2.02109694480896
tfidf_21st,2.0201222896575928
tfidf_identity,2.0167226791381836
cast_Linda Blair,2.0119943618774414
tfidf_live,2.0111467838287354
tfidf_course,2.0068767070770264
cast_Ana Malhoa,2.0054798126220703
tfidf_camera,2.0050852298736572
tfidf_crime,2.0047621726989746
company_Bazelevs Production,2.004439353942871
cast_Alexandra Richter,1.9975147247314453
tfidf_broken,1.9946839809417725
company_Guacamaya Films,1.9939212799072266
tfidf_develop,1.992139220237732
tfidf_kill,1.9911307096481323
tfidf_london,1.9879058599472046
tfidf_married,1.9843093156814575
cast_Zac Efron,1.9816436767578125
tfidf_saved,1.9792627096176147
tfidf_spirit,1.9780445098876953
tfidf_business,1.973140001296997
company_Destination Films,1.967855453491211
company_Total Entertainment,1.962937593460083
tfidf_tragic,1.9618065357208252
cast_Da Brat,1.9614442586898804
cast_Alex Daniels,1.95574951171875
tfidf_social,1.9555261135101318
company_Unification Church,1.9551830291748047
cast_Kevin Chapman,1.9466207027435303
cast_Russ Powell,1.946526050567627
tfidf_st,1.944433569908142
cast_John Abraham,1.9285138845443726
tfidf_joy,1.9276427030563354
company_Clausen Film,1.9269787073135376
company_Filmax,1.9255919456481934
cast_J.K. Simmons,1.9200897216796875
company_Provident Films,1.9195040464401245
cast_Jacqueline Bisset,1.9110389947891235
tfidf_turn,1.9086986780166626
cast_Neil Patrick Harris,1.9059209823608398
tfidf_seeks,1.9056205749511719
tfidf_finding,1.9027496576309204
cast_Sunny Sandler,1.9002915620803833
cast_Yuriy Tsurilo,1.8982372283935547
tfidf_ambition,1.8975753784179688
company_Red Chillies Entertainment,1.894308090209961
tfidf_teenager,1.890110969543457
cast_Leslie Carlson,1.8879656791687012
tfidf_cinema,1.8876651525497437
tfidf_building,1.8870670795440674
cast_Richard Ng,1.8867813348770142
tfidf_old,1.886074423789978
cast_Richard Tyson,1.8857743740081787
cast_Jean Rochefort,1.8856909275054932
genre_Family,1.8844748735427856
company_ZDF,1.8834447860717773
company_Monumental Pictures,1.8833818435668945
tfidf_faithful,1.8793144226074219
tfidf_chronicles,1.8776382207870483
cast_Frank Oz,1.8767629861831665
tfidf_godzilla,1.8755779266357422
cast_William Mapother,1.8713668584823608
tfidf_help,1.8706011772155762
company_Jack Rollins & Charles H. Joffe Productions,1.8699018955230713
tfidf_lady,1.8662152290344238
cast_Khristian Lupo,1.8653192520141602
cast_Christopher Curry,1.8632020950317383
cast_Evan Richards,1.8620529174804688
tfidf_white,1.8607674837112427
tfidf_news,1.8546820878982544
tfidf_turns,1.8541187047958374
company_Det Danske Filminstitut,1.8540821075439453
tfidf_invasion,1.853234052658081
tfidf_lives,1.8487962484359741
tfidf_forces,1.844979166984558
tfidf_sexually,1.8406038284301758
tfidf_crazy,1.8400495052337646
tfidf_ancient,1.8350412845611572
company_Blue Sky Studios,1.833587646484375
tfidf_shadowy,1.833211898803711
company_khane film,1.829371452331543
tfidf_children,1.8179950714111328
tfidf_discovered,1.8174035549163818
cast_Amy Sedaris,1.8128128051757812
tfidf_encounter,1.8110729455947876
cast_Jaeden Martell,1.8059415817260742
company_AVA Productions,1.8010557889938354
tfidf_journey,1.7896270751953125
cast_Kristen Stewart,1.7893232107162476
company_Amblin Entertainment,1.7881627082824707
tfidf_world,1.7876659631729126
tfidf_boss,1.7828065156936646
tfidf_accused,1.7802581787109375
company_Plan B Entertainment,1.7784271240234375
cast_Bill Murray,1.7766923904418945
cast_John Turturro,1.7719945907592773
tfidf_different,1.7711044549942017
tfidf_perfect,1.7685946226119995
cast_Tom Sturridge,1.7648298740386963
tfidf_job,1.7576377391815186
company_Goldcrest,1.7513952255249023
cast_Quentin Dolmaire,1.7513656616210938
cast_Joaquim de Almeida,1.746514081954956
tfidf_queen,1.7430039644241333
tfidf_investigating,1.741275429725647
company_Keystone Family Pictures,1.7380895614624023
tfidf_tragedy,1.7358729839324951
cast_David Cronenberg,1.7346396446228027
tfidf_machine,1.7296085357666016
company_Carthago Films,1.726593017578125
tfidf_assassin,1.7182462215423584
cast_Courtney B. Vance,1.7132234573364258
tfidf_sun,1.7101140022277832
company_Shotgun Pictures,1.7099733352661133
company_Fukasaku,1.7080943584442139
cast_Kyle MacLachlan,1.7043933868408203
company_Studio Green,1.703150749206543
tfidf_gets,1.7022218704223633
company_HBO Polska,1.699446678161621
tfidf_protect,1.691874623298645
company_Lionsgate,1.6913440227508545
tfidf_thief,1.688144326210022
cast_Margo Martindale,1.6831846237182617
tfidf_hardships,1.6818294525146484
tfidf_friend,1.6799347400665283
tfidf_gangs,1.6777641773223877
tfidf_rampage,1.6776633262634277
tfidf_cat,1.6725614070892334
cast_Keith Sequeira,1.67197585105896
tfidf_dream,1.6700267791748047
company_World Wonder Ring Stardom,1.6678264141082764
company_Sky Sports Box Office,1.6672464609146118
tfidf_era,1.6604173183441162
company_France 2 Cinéma,1.6602001190185547
tfidf_deliver,1.6571143865585327
lang_it,1.6557128429412842
company_Fox Atomic,1.6545486450195312
cast_Jaimie Alexander,1.651519775390625
cast_Karl Glusman,1.6514225006103516
cast_Mary,1.651270866394043
cast_Udo Kier,1.6506104469299316
tfidf_career,1.6502256393432617
tfidf_escape,1.6489936113357544
tfidf_crew,1.6485466957092285
tfidf_fate,1.647172451019287
genre_History,1.6452953815460205
tfidf_bad,1.6433846950531006
cast_William Boyett,1.6392234563827515
tfidf_moves,1.6380345821380615
cast_Marjorie Main,1.6366329193115234
tfidf_fighting,1.6365597248077393
tfidf_accidentally,1.6342849731445312
tfidf_town,1.6319867372512817
tfidf_warrior,1.6299915313720703
tfidf_created,1.6256775856018066
tfidf_general,1.6254515647888184
company_Ian Bryce Productions,1.6247282028198242
cast_Ryan Gosling,1.6242856979370117
cast_Yu,1.622502088546753
tfidf_push,1.6191349029541016
company_Producers Representative Organization,1.6172266006469727
tfidf_game,1.6126432418823242
company_MRC,1.608825445175171
company_Threshold Entertainment,1.6087017059326172
tfidf_victims,1.6038578748703003
tfidf_ultimate,1.6023260354995728
tfidf_dangerous,1.5957074165344238
cast_Carl Mazzocone,1.5942370891571045
company_Millennium Films,1.592491626739502
cast_Mary Kay Place,1.5867557525634766
tfidf_brought,1.5858170986175537
tfidf_england,1.5844135284423828
company_ und Fernsehproduktion (GFF),1.5815553665161133
tfidf_humans,1.5809894800186157
tfidf_convince,1.580490231513977
cast_Amanda Schull,1.5800247192382812
tfidf_theater,1.5795434713363647
tfidf_renegade,1.5757577419281006
cast_Connie Nielsen,1.5750789642333984
cast_hyun,1.574694037437439
company_Artisan Entertainment,1.5737181901931763
cast_J.J. Perry,1.5599900484085083
cast_Nicolas Cage,1.5598701238632202
tfidf_employee,1.5555025339126587
tfidf_meets,1.5553542375564575
tfidf_family,1.5552337169647217
tfidf_confused,1.5542700290679932
tfidf_ray,1.5526292324066162
cast_Scarlett Mellish Wilson,1.5466923713684082
lang_tr,1.5430402755737305
company_Division Films,1.5429401397705078
company_Dark Horse Entertainment,1.5427082777023315
company_Eurimages,1.5400257110595703
tfidf_happens,1.539069414138794
company_HBO,1.5372934341430664
tfidf_long,1.5285592079162598
company_Atlas Entertainment,1.5212098360061646
cast_Jagathy Sreekumar,1.5202617645263672
company_Dillywood,1.5188446044921875
tfidf_trapped,1.5179846286773682
company_Dijital Sanatlar,1.5171194076538086
cast_Amy Poehler,1.515135645866394
tfidf_nations,1.513219952583313
tfidf_defeat,1.5124139785766602
cast_Taylor Lautner,1.5118131637573242
cast_Bhama,1.5092620849609375
tfidf_egypt,1.507215976715088
company_Fox Film Corporation,1.5051965713500977
cast_Callie Hernandez,1.5049737691879272
tfidf_american,1.5025533437728882
cast_Amber Rodriguez,1.4939517974853516
tfidf_york,1.4901803731918335
tfidf_shy,1.487351894378662
tfidf_illegal,1.4856700897216797
cast_Anna Dubrovskaya,1.4835586547851562
company_Universal Pictures,1.4781773090362549
cast_Earnest Hart Jr.,1.4768043756484985
cast_Alex Kapranos,1.4767732620239258
company_Magnificent Tower Film Co.,1.4763126373291016
tfidf_dynasty,1.4747107028961182
company_Phoenix Pictures,1.471254825592041
tfidf_school,1.4677865505218506
tfidf_stolen,1.4671061038970947
cast_Cheech Marin,1.4594240188598633
tfidf_lost,1.4587124586105347
tfidf_boy,1.4581573009490967
cast_Alexander Skarsgård,1.4534492492675781
tfidf_arrives,1.4449422359466553
tfidf_true,1.4439908266067505
tfidf_gangster,1.442556381225586
company_Alpamayo Entertainment,1.4374008178710938
cast_Rebel Wilson,1.4367018938064575
company_Pyromid Pictures,1.4365862607955933
cast_Sofía Vergara,1.4339909553527832
tfidf_happy,1.4338213205337524
cast_Ian McKellen,1.4333107471466064
tfidf_europe,1.4331954717636108
cast_B.J. Novak,1.4317474365234375
tfidf_businessman,1.4316062927246094
tfidf_answers,1.427189826965332
tfidf_father,1.42007315158844
tfidf_centered,1.4195668697357178
company_Latvijas Kultūras akadēmija,1.4160199165344238
cast_Mark Wahlberg,1.4115266799926758
tfidf_suspect,1.409914493560791
cast_Rosanna Arquette,1.408310890197754
cast_Dennis Keiffer,1.4063795804977417
company_Broad Green Pictures,1.405036449432373
company_EM Media,1.4048776626586914
tfidf_killing,1.4031639099121094
tfidf_build,1.4010050296783447
tfidf_care,1.4006359577178955
cast_Frank Welker,1.3995453119277954
cast_Myrna Loy,1.3987855911254883
company_Film4 Productions,1.393961787223816
tfidf_takes,1.3923205137252808
cast_Aasif Mandvi,1.3888320922851562
cast_Danny Aiello,1.3840501308441162
company_Iranian Independents,1.3796175718307495
cast_Kellan Lutz,1.3759589195251465
cast_Hugh Laurie,1.3722132444381714
tfidf_kidnapping,1.3714405298233032
tfidf_wedding,1.3708900213241577
tfidf_charlie,1.3702714443206787
company_New Regency Pictures,1.3698259592056274
company_Felix Cinematorgrafica,1.3686943054199219
company_Legendary Pictures,1.3681063652038574
tfidf_just,1.3650987148284912
cast_Siddique,1.3650739192962646
tfidf_embarks,1.3646526336669922
tfidf_away,1.3639776706695557
cast_Nathan Fillion,1.3628270626068115
cast_Jan Rabson,1.3590431213378906
tfidf_partner,1.3589930534362793
tfidf_star,1.3588165044784546
tfidf_teenage,1.3565336465835571
company_GraceWorks Pictures,1.3559587001800537
tfidf_beasts,1.3527946472167969
cast_Frank Austin,1.3498506546020508
cast_Adam Garcia,1.3429718017578125
tfidf_room,1.3359031677246094
tfidf_universe,1.3344440460205078
tfidf_restore,1.3342094421386719
cast_Leslie Mann,1.3316712379455566
company_Sony Pictures Animation,1.330869436264038
cast_Christelle Cornil,1.3296751976013184
cast_Michael Kenneth Williams,1.328944206237793
tfidf_woman,1.3288697004318237
tfidf_comes,1.3286417722702026
company_Professional Wrestling Alliance,1.3260258436203003
company_iD creations,1.324800729751587
tfidf_monsters,1.322880506515503
tfidf_fears,1.3210108280181885
tfidf_campus,1.3193750381469727
tfidf_middle,1.3172917366027832
cast_Pradeep Ram Singh Rawat,1.3120403289794922
tfidf_young,1.3107898235321045
tfidf_face,1.3101699352264404
cast_Nick Nolte,1.3068907260894775
tfidf_doing,1.3014023303985596
company_Azad Film Company,1.2992477416992188
tfidf_car,1.2978590726852417
cast_Robert Carradine,1.2974181175231934
tfidf_quickly,1.2973344326019287
genre_War,1.2956812381744385
tfidf_desperate,1.2933845520019531
tfidf_defend,1.2911922931671143
tfidf_waiting,1.2907445430755615
cast_Adewale Akinnuoye,1.28900146484375
tfidf_growing,1.2816524505615234
tfidf_self,1.2816295623779297
tfidf_military,1.2803906202316284
cast_Qavi Khan,1.2780314683914185
tfidf_plays,1.2762422561645508
cast_Jean,1.2749265432357788
tfidf_grisly,1.2735965251922607
cast_Arthur Clayton,1.2707586288452148
cast_Al Foster,1.2698222398757935
cast_Nezihe Güler,1.2694005966186523
company_Metro,1.268839716911316
cast_Paul Zies,1.2636665105819702
company_Fidélité Films,1.2625007629394531
cast_Patrick Wilson,1.2521326541900635
cast_Fred Tatasciore,1.2509679794311523
tfidf_hopes,1.2487508058547974
company_Orion Pictures,1.2485101222991943
company_Le Pacte,1.248098373413086
company_Relativity Media,1.239183783531189
tfidf_appear,1.238370418548584
tfidf_vampire,1.2380809783935547
tfidf_descends,1.2349727153778076
cast_Jean Dujardin,1.2348003387451172
cast_Brandon Tynan,1.2328109741210938
tfidf_home,1.2275490760803223
cast_Aitor Legardón,1.2255916595458984
cast_Rob Schneider,1.2244281768798828
tfidf_twin,1.224101185798645
cast_Dylan Kussman,1.2225685119628906
cast_John Schwab,1.2182807922363281
tfidf_conspiracy,1.2139506340026855
genre_Adventure,1.2124712467193604
company_Girl Fight,1.2119582891464233
tfidf_anna,1.2119321823120117
cast_Aaron Paul,1.2118568420410156
tfidf_flying,1.2067067623138428
company_SLM Production Group,1.2065119743347168
tfidf_girlfriend,1.2004109621047974
tfidf_possession,1.198495626449585
company_Ad Hominem Enterprises,1.198347568511963
genre_Fantasy,1.1882542371749878
company_Matt Tolmach Productions,1.1877145767211914
cast_Mukesh Tiwari,1.1843461990356445
tfidf_high,1.1839357614517212
tfidf_personal,1.1823363304138184
genre_Crime,1.1805188655853271
tfidf_civilization,1.180389404296875
tfidf_trip,1.1789050102233887
cast_Ludark Shaitan,1.178548812866211
tfidf_dying,1.177727460861206
tfidf_question,1.1765358448028564
company_Walt Disney Pictures,1.1761720180511475
tfidf_quiet,1.173415184020996
cast_Dean Redman,1.172436237335205
company_Iris Productions,1.172396183013916
tfidf_day,1.1720154285430908
cast_Salman Khan,1.171837568283081
cast_Willem Dafoe,1.170013427734375
company_Dino De Laurentiis Company,1.1685935258865356
tfidf_confederate,1.1677212715148926
tfidf_wizard,1.1645355224609375
tfidf_powers,1.1630864143371582
tfidf_secret,1.1575483083724976
tfidf_fleet,1.1550569534301758
tfidf_christmas,1.1528578996658325
tfidf_attempt,1.1512937545776367
tfidf_15,1.1506633758544922
cast_Amy McKenna,1.1495238542556763
tfidf_slip,1.1484034061431885
tfidf_operative,1.147979736328125
cast_Bryan Anthony,1.1462249755859375
cast_Caroline Breton,1.1437969207763672
cast_Ajay,1.1423230171203613
tfidf_seen,1.141845703125
tfidf_hospital,1.1409235000610352
cast_David Joseph Martinez,1.1357269287109375
tfidf_led,1.1351977586746216
cast_Noah Jupe,1.130192518234253
cast_Mime Gopi,1.1301817893981934
tfidf_battle,1.1298233270645142
tfidf_released,1.127826452255249
tfidf_fight,1.1275304555892944
company_Robert Stigwood Organization (RSO),1.1265106201171875
company_Original Film,1.1207631826400757
tfidf_learns,1.1206779479980469
company_PISF,1.1195707321166992
cast_Romain Duris,1.1191129684448242
cast_Bern Collaço,1.1160593032836914
tfidf_september,1.115417242050171
cast_Richard Cetrone,1.1146461963653564
company_Big Cinema House,1.1128263473510742
tfidf_following,1.1117579936981201
company_Fine & Mellow Productions,1.1101837158203125
company_2.0 Entertainment,1.1060128211975098
company_珠江电影制片厂,1.0965372323989868
cast_Adria Allue,1.094443678855896
tfidf_causing,1.0920963287353516
tfidf_angeles,1.0917854309082031
tfidf_mission,1.0912611484527588
company_Willard Productions,1.090707778930664
tfidf_force,1.090460181236267
tfidf_number,1.0888235569000244
company_Funny,1.0870051383972168
tfidf_couple,1.0841655731201172
company_RGV Film Factory,1.0838398933410645
tfidf_ve,1.0824265480041504
cast_Rajesh,1.080521583557129
tfidf_runs,1.0795180797576904
company_Pixar,1.078908920288086
cast_James Franco,1.0731871128082275
cast_Kiran Shah,1.0722923278808594
cast_Tom Hardy,1.0690529346466064
tfidf_disappears,1.0676136016845703
company_Neo Studios,1.0658259391784668
tfidf_government,1.0624192953109741
cast_Dermot Mulroney,1.0601754188537598
company_Jaya Balaji Real Media,1.0596468448638916
cast_Michelle Cooper,1.0594476461410522
cast_Thandiwe Newton,1.0579769611358643
cast_Plasse,1.0573043823242188
cast_Natasha Lyonne,1.0529098510742188
cast_Dakota Johnson,1.0527620315551758
cast_Attila Árpa,1.0486669540405273
company_The Walt Disney Company CIS,1.0479495525360107
cast_Al Thompson,1.0473294258117676
cast_Awkwafina,1.045318603515625
cast_Cheri Oteri,1.0423663854599
genre_Romance,1.036182165145874
cast_Al Rodrigo,1.0347232818603516
company_Filmiran,1.0330311059951782
cast_Garik Kharlamov,1.030350685119629
tfidf_remote,1.028201937675476
company_New Line Cinema,1.0243208408355713
cast_Evgeniya Dmitrieva,1.0241053104400635
cast_Donna Murphy,1.021963119506836
company_The Mark Gordon Company,1.0204442739486694
company_Green Light Productions,1.0137779712677002
tfidf_kevin,1.0107077360153198
company_The Resistance (Resistance),1.0040998458862305
cast_Aaron V. Williamson,1.0038080215454102
company_Causeway Films,1.0014457702636719
tfidf_global,1.0006256103515625
company_American Zoetrope,0.9973999261856079
company_Warriors Of Wrestling (WOW),0.9921262264251709
company_20th Century Fox,0.989797055721283
cast_Tom McCarthy,0.9885603189468384
tfidf_maintain,0.9871701002120972
tfidf_head,0.9861311912536621
tfidf_effort,0.9843924045562744
cast_Ben Affleck,0.9833018183708191
company_DNA Films,0.9805068969726562
tfidf_terrifying,0.9789528846740723
tfidf_finds,0.9780453443527222
genre_Mystery,0.974213182926178
cast_Trisha Krishnan,0.9728056788444519
cast_hyuk,0.9687128067016602
tfidf_friendly,0.968191385269165
tfidf_movie,0.9674035906791687
tfidf_land,0.9658414721488953
cast_Daisuke Ban,0.963170051574707
company_Sri Kanakaratna Movies,0.9591832160949707
cast_Elvis Presley,0.958599328994751
cast_Atul Kulkarni,0.9583027958869934
tfidf_cases,0.9572997093200684
cast_Münir Özkul,0.9564118385314941
tfidf_learn,0.9562287330627441
tfidf_pilot,0.954432487487793
cast_Peter Gabriel,0.9511327743530273
company_Logos Films & Media,0.9503415822982788
tfidf_hatches,0.948646068572998
company_Camp / Thompson Pictures,0.9475045204162598
cast_Bradley Cooper,0.9463780522346497
company_Bleeding Edge,0.9462435245513916
cast_Al Sapienza,0.9459190368652344
tfidf_single,0.9407138824462891
company_Green Film Company,0.9390745162963867
tfidf_isn,0.9332766532897949
company_Ciné+,0.9301967620849609
tfidf_doll,0.9280134439468384
cast_Ty Olsson,0.9267359375953674
company_United Seven Combines,0.9243535995483398
company_Summit Entertainment,0.9235809445381165
cast_Roger Moore,0.91909259557724
tfidf_killer,0.9109545350074768
tfidf_psychiatrist,0.9087576866149902
tfidf_football,0.9075412750244141
company_Netflix International Pictures,0.8994045257568359
cast_Amanda Carolina Rodriguez,0.8975591659545898
tfidf_trouble,0.8961091041564941
company_Perry Productions,0.8940849304199219
tfidf_money,0.8921051025390625
tfidf_act,0.8918415904045105
tfidf_foil,0.8901474475860596
company_Canal+,0.8881872892379761
tfidf_coming,0.8850628733634949
company_Sheridan College,0.8844730854034424
tfidf_ultimately,0.8834881782531738
tfidf_took,0.8802626132965088
cast_Robert Wagner,0.8798516392707825
cast_Clint Howard,0.8786516189575195
cast_Andy Bradford,0.8782129287719727
tfidf_rescue,0.8771308660507202
tfidf_exact,0.8765668869018555
company_TSG Entertainment,0.8749198913574219
cast_Vladimir Yaglych,0.8709714412689209
company_La Suma CineTV,0.86981201171875
cast_Latifa Ouaou,0.8684501647949219
tfidf_mayor,0.8672061562538147
company_Blueprint Pictures,0.8648285865783691
cast_mi,0.8630728721618652
tfidf_heart,0.8603618741035461
company_3 in the Box,0.8601918816566467
tfidf_team,0.8583899140357971
cast_Jeremy Irons,0.8567685484886169
company_ARK,0.852200984954834
cast_Ajith Kumar,0.8409333229064941
cast_Eden Riegel,0.8395175933837891
tfidf_surrounded,0.8382339477539062
cast_Stanley Tucci,0.8371810913085938
tfidf_sacrifice,0.8365993499755859
cast_Anne Sofie Espersen,0.8344755172729492
cast_Chloë Grace Moretz,0.8321971893310547
company_Delta Films,0.8313431739807129
tfidf_search,0.8277645111083984
tfidf_witness,0.8273730278015137
cast_Camille Ligon,0.8262186050415039
tfidf_guard,0.8261759281158447
company_Hollywood Pictures,0.8261604309082031
tfidf_discovers,0.8234385251998901
cast_Teruyuki Kagawa,0.8209142684936523
tfidf_rest,0.8184609413146973
company_SHAC80 Film Company,0.8167190551757812
tfidf_aboard,0.8165022730827332
tfidf_alien,0.8159981369972229
tfidf_existence,0.8159464597702026
cast_Thomas Rosales Jr.,0.8144283294677734
tfidf_work,0.8118586540222168
company_Productions Voi,0.8087656497955322
tfidf_wasteland,0.8057336807250977
tfidf_makes,0.802170991897583
company_PolyGram Filmed Entertainment,0.8016517162322998
cast_Jamine Benitez,0.7999286651611328
company_HandMade Films,0.7986948490142822
tfidf_romance,0.7983906269073486
company_Faliro House Productions,0.7952499389648438
tfidf_cop,0.7943425178527832
tfidf_use,0.7935624122619629
tfidf_destroy,0.7934083938598633
tfidf_exotic,0.7890479564666748
tfidf_street,0.7837104797363281
cast_Nancy Cartwright,0.7830742001533508
company_Paramount,0.7825317978858948
company_Marvel Studios,0.78226637840271
tfidf_double,0.7818670272827148
cast_Brian Kinney,0.7813897132873535
tfidf_thing,0.7746754884719849
cast_Tara Strong,0.7739953994750977
tfidf_conflict,0.7732081413269043
cast_Anthony Daniels,0.7729001045227051
cast_Bob Okazaki,0.7715044021606445
company_Les Films des Tournelles,0.7708649635314941
company_42 Km Film,0.7693636417388916
cast_Felix Briegel,0.7664308547973633
cast_Mila Kunis,0.7662705183029175
tfidf_prevent,0.763256311416626
company_Demarest Films,0.7623662948608398
tfidf_writer,0.7622036933898926
cast_Ben Falcone,0.7563673257827759
cast_Jason Momoa,0.7520594596862793
tfidf_soldiers,0.7511808276176453
cast_James Gammon,0.7508053779602051
cast_Brad Pitt,0.7482872009277344
company_Denjin Zaborger Film Partners,0.7394510507583618
cast_Anthony Reynolds,0.7379741668701172
tfidf_centuries,0.7359905242919922
cast_Charan Raj,0.7291250228881836
cast_Benedict Wong,0.727686882019043
company_26 Films,0.7275004386901855
cast_A.M. Columbus,0.7240982055664062
tfidf_believe,0.724034309387207
cast_Akihiko Hirata,0.7237932682037354
tfidf_classic,0.723602294921875
cast_Joe Cash,0.7229862213134766
tfidf_forever,0.7229547500610352
company_Newcomm,0.7202358245849609
company_Avenging Conscience,0.7176837921142578
tfidf_memories,0.7161774635314941
tfidf_knew,0.7128695249557495
cast_Arisa Hoshiki,0.7114614248275757
company_Valhalla Motion Pictures,0.7108756899833679
tfidf_roll,0.7011046409606934
company_I88,0.6997675895690918
tfidf_transported,0.6994401812553406
tfidf_owner,0.6984291076660156
tfidf_maria,0.6983699798583984
company_CNC,0.6959271430969238
cast_Billy Bob Thornton,0.6913744211196899
cast_Philippe Duquesne,0.69134521484375
company_King,0.6904215812683105
tfidf_hungry,0.6884312629699707
company_Alcatraz Films,0.6875171661376953
cast_Miss Diss Lexia,0.6873960494995117
company_YNH Films,0.6873408555984497
cast_Barbara Werle,0.6846983432769775
company_IRS Media,0.6845197677612305
company_Avi Arad Productions,0.6832575798034668
company_Big Primpin Productions,0.6826319694519043
company_DC Films,0.6820354461669922
tfidf_threatens,0.681027889251709
cast_John Krasinski,0.6791256666183472
company_Bach Productions,0.6785717010498047
company_Heyday Films,0.6785507202148438
tfidf_vengeance,0.6772897243499756
tfidf_completely,0.6772232055664062
cast_Renny Harlin,0.6763825416564941
tfidf_local,0.6760405898094177
tfidf_aliens,0.6737332344055176
tfidf_haunted,0.673194169998169
company_Stage 6 Films,0.6711503267288208
cast_Ge Lijiang,0.6704540252685547
company_87Eleven,0.6701400279998779
company_New Form Digital,0.6688528060913086
cast_Amit Tandon,0.6662294864654541
tfidf_run,0.6654782295227051
tfidf_ago,0.6641079187393188
cast_Raymond Burr,0.6640663146972656
tfidf_hong,0.6638379096984863
company_Bhandarkar Entertainment,0.6637721061706543
cast_Vivek Oberoi,0.6627914905548096
cast_Alfred Hitchcock,0.6613688468933105
cast_Hughes,0.660245418548584
company_Keystone Pictures,0.6591873168945312
tfidf_hardcore,0.6587896347045898
cast_Oliver Cross,0.6579996347427368
cast_David Salles,0.6572952270507812
company_Maverick Films,0.6556147336959839
cast_Bernard Sell,0.652151346206665
cast_Jon Abrahams,0.6514828205108643
cast_Dorinda Clifton,0.6480713486671448
tfidf_far,0.6475937366485596
tfidf_espionage,0.6474614143371582
company_DEG,0.6409099102020264
cast_Alan Arkin,0.6379046440124512
company_Fuji Television Network,0.6373229026794434
tfidf_change,0.6357946395874023
tfidf_try,0.6348596811294556
company_Ingenious Media,0.631134033203125
tfidf_larry,0.6261732578277588
company_Centropolis Entertainment,0.6232955455780029
cast_Ben Cross,0.6212958097457886
company_Clover Films,0.6209859848022461
company_Eurowide Film Production,0.6192169189453125
cast_Jack Dylan Grazer,0.6132092475891113
tfidf_mysterious,0.6114007234573364
cast_Keith Anthony,0.6086257100105286
cast_Donald Trump,0.6079559326171875
company_RKO Radio Pictures,0.606501579284668
tfidf_caught,0.6050673723220825
cast_John Farley,0.6050256490707397
tfidf_died,0.6047308444976807
cast_David Harbour,0.6044402122497559
cast_Dave Payton,0.603156566619873
company_B. Iarden Producciones,0.6020506620407104
tfidf_country,0.6018909811973572
company_Cast N' Crew,0.6015324592590332
cast_Joseph Gordon,0.599355936050415
cast_David Morrissey,0.5981096029281616
tfidf_embark,0.5933145880699158
cast_Rashida Jones,0.5931699275970459
tfidf_rocky,0.5925502181053162
tfidf_boys,0.5911656022071838
tfidf_sets,0.589214026927948
company_Imaginarium Entertainment Group,0.5886129140853882
company_Annapurna Pictures,0.5855560302734375
cast_Ming,0.5831832885742188
company_Carolco Pictures,0.5802929401397705
cast_Ali Zafar,0.5742321014404297
tfidf_join,0.5738658905029297
company_Metropolitan Film Group,0.573073148727417
company_Warner Bros. Pictures,0.5725477933883667
cast_soon,0.5716900825500488
cast_Aarav Nafeez,0.5711183547973633
cast_Andra Day,0.5700435638427734
cast_Gary McCormack,0.5699901580810547
tfidf_winning,0.5668573379516602
tfidf_disturbed,0.5659732818603516
company_Get Lifted Film Company,0.5653080940246582
cast_Ken Watanabe,0.5648789405822754
tfidf_loses,0.5593507289886475
cast_Fiona Curzon,0.5583345890045166
company_Art Pictures Studio,0.5555281639099121
tfidf_need,0.5549716949462891
company_Bron Studios,0.5531047582626343
cast_Renji Ishibashi,0.5527113080024719
cast_Ben Stiller,0.5501701831817627
cast_Stephen Baldwin,0.5472828149795532
company_Film i Väst,0.5471878051757812
cast_Anni Krueger,0.5471618175506592
cast_Caren Pistorius,0.5444130897521973
company_Adafine Entertainment,0.5441055297851562
cast_Kunal Kapoor,0.5425593852996826
cast_joon,0.542060375213623
cast_Masatō Ibu,0.5413031578063965
cast_Annapoorna,0.5394060611724854
cast_Owen Wilson,0.5392141342163086
cast_Meryl Streep,0.5368127226829529
company_Intellectual Properties Worldwide,0.5365324020385742
company_3 Arts Entertainment,0.5359115600585938
company_Windsor Productions,0.5358908176422119
cast_Kazutoshi Yokoyama,0.5338191986083984
tfidf_hot,0.5329055786132812
cast_Stephen Merchant,0.5328264236450195
company_Night Light Films,0.5319252014160156
cast_seo,0.5299224853515625
tfidf_17,0.5267808437347412
cast_Barry Norton,0.525994062423706
cast_Winona Ryder,0.5250660181045532
tfidf_plot,0.5248203277587891
company_BNN,0.524707555770874
company_IDG China Media,0.5241484642028809
company_Brainstorming Films,0.5230293273925781
company_RCR Media Group,0.5219202041625977
cast_Ciarán Hinds,0.5177545547485352
cast_Tait Fletcher,0.5175447463989258
company_Jerry Bruckheimer Films,0.5172977447509766
cast_Finn Morgan,0.5172929763793945
cast_Sreejith Ravi,0.5172767639160156
cast_Liya Kebede,0.5171317458152771
cast_Adam Storke,0.5144486427307129
company_Women's Superstars United (WSU),0.513066828250885
tfidf_artist,0.5119435787200928
cast_Benicio del Toro,0.5086712837219238
tfidf_feels,0.5075069665908813
company_YBG Productions,0.5070514678955078
tfidf_ii,0.5067824721336365
tfidf_fights,0.5022425651550293
company_Automatik Entertainment,0.5021965503692627
company_Columbia Pictures,0.501930296421051
tfidf_end,0.5003616809844971
company_Alvernia Studios,0.49987220764160156
company_Baster Productions,0.49949121475219727
tfidf_chief,0.49750185012817383
cast_Gurpreet Ghuggi,0.4935851991176605
company_View Askew Productions,0.49037790298461914
cast_Billy Ray Cyrus,0.4864010810852051
cast_Mona Marshall,0.48592111468315125
tfidf_plane,0.48587989807128906
company_Broken Road Productions,0.485021710395813
company_APT Films,0.4843411445617676
tfidf_filmmakers,0.48425471782684326
tfidf_international,0.4830164909362793
tfidf_big,0.4802793264389038
cast_George Clooney,0.48004424571990967
cast_Arianna Snow,0.4784111976623535
tfidf_humankind,0.47519439458847046
tfidf_wrestlers,0.47515392303466797
cast_Jared Harris,0.47499263286590576
cast_Chris Pedersen,0.4714927673339844
cast_John Carpenter,0.47043368220329285
cast_eun,0.47010189294815063
tfidf_needs,0.46822643280029297
company_FilmTeknik,0.46759477257728577
cast_Andrea Haid,0.4662764072418213
company_Walt Disney Feature Animation,0.46622252464294434
cast_Jack Thibeau,0.4657607078552246
company_Bender,0.4653630256652832
company_Cruise/Wagner Productions,0.4647519588470459
company_Will Packer Productions,0.4644935131072998
cast_Jodie Foster,0.46328234672546387
cast_Danny DeVito,0.4631233215332031
cast_Anita Merritt,0.45827746391296387
tfidf_species,0.4577212631702423
cast_Macon McCalman,0.4577205777168274
cast_Donal Logue,0.4572772979736328
tfidf_body,0.4554300308227539
cast_Michael Caine,0.45490866899490356
cast_Remya Nambeesan,0.45144081115722656
company_Entertainment Events,0.45130109786987305
company_Bar Wrestling,0.4500765800476074
tfidf_talking,0.4463855028152466
cast_Tom Woodruff Jr.,0.446103572845459
company_B Digital,0.445799857378006
tfidf_attracts,0.44271183013916016
company_Gravier Productions,0.44248366355895996
company_Crossroads,0.4405956268310547
company_First National Pictures,0.43541908264160156
company_Bull Productions,0.4343681335449219
tfidf_right,0.4343615174293518
cast_Brian George,0.433626651763916
company_Battleplan Productions,0.4334099292755127
company_Fantastic Films,0.43160152435302734
cast_Javier Botet,0.4293026924133301
cast_Bernard Lee,0.42808079719543457
cast_Russell Crowe,0.42787015438079834
cast_Oscar Isaac,0.4271814525127411
company_Kim Ki Duk Film,0.4258706569671631
cast_Mel Gibson,0.42446863651275635
cast_Thurl Ravenscroft,0.4206113815307617
company_Footprint Entertainment,0.42026010155677795
company_China Dream Film Culture Industry,0.41964149475097656
company_TF1 Films Production,0.41919660568237305
company_Perfect World Pictures,0.4182863235473633
cast_Abhay Deol,0.41629213094711304
cast_Dwayne Johnson,0.4161989688873291
company_Escape Artists Motion Pictures,0.4130735397338867
tfidf_politician,0.40952253341674805
cast_Baxter Harris,0.40888071060180664
cast_Robert Downey Jr.,0.4078941345214844
cast_Woody Harrelson,0.4062269628047943
company_Jairaj Release,0.40616506338119507
company_Sevens Film Corporation,0.4053797721862793
cast_Akbar Abdi,0.4046342372894287
cast_Louise Lasser,0.4033684730529785
tfidf_king,0.4026390314102173
cast_Smith,0.4013141989707947
cast_Allen D. Sewall,0.40129613876342773
company_Enticing Entertainment,0.39872217178344727
cast_Arij Fatyma,0.39731287956237793
company_Dorje Film,0.39476823806762695
cast_Cynthia Savage,0.39353394508361816
company_EuropaCorp,0.39313191175460815
cast_Brian Schaeffer,0.3907014727592468
cast_Charles Napier,0.39058807492256165
tfidf_criminal,0.39034509658813477
company_Merchant Ivory Productions,0.3901236653327942
company_Propaganda Films,0.3890514373779297
company_Morgan Creek Productions,0.3886371850967407
company_Armory Films,0.38816046714782715
company_Cantinas Entertainment,0.3875610828399658
cast_Harry O'Reilly,0.38687968254089355
company_Dharma Productions,0.38620802760124207
tfidf_turned,0.38602322340011597
cast_Alan Caillou,0.3848896026611328
cast_Johnny Otto,0.3831903636455536
company_Good Machine,0.38243377208709717
company_Backup Media,0.37963056564331055
tfidf_intergender,0.3774399757385254
cast_Carlos Alazraqui,0.3763580322265625
tfidf_band,0.37595176696777344
tfidf_fashion,0.3737180233001709
company_01 Distribution,0.37247514724731445
company_Village Roadshow Pictures,0.37096261978149414
cast_mo,0.3700127601623535
company_CJ Entertainment,0.3694731891155243
company_Dexter Pictures,0.36740541458129883
company_2929 Productions,0.36576128005981445
cast_Adil Fayaz,0.3644237518310547
tfidf_tries,0.3640364706516266
tfidf_championship,0.3601536750793457
cast_Fernando Iglesias,0.3598747253417969
tfidf_british,0.35767844319343567
tfidf_deserted,0.3551950454711914
tfidf_lose,0.35451459884643555
cast_Ronan Summers,0.35438376665115356
cast_Denis Leary,0.3537481427192688
company_Gordonstreet Pictures,0.3525965213775635
company_Indecom Cinema,0.3524489402770996
cast_rae,0.3523678779602051
tfidf_ape,0.35019123554229736
tfidf_husband,0.344877153635025
tfidf_members,0.34439539909362793
company_Di Bonaventura Pictures,0.34127914905548096
cast_Song Young,0.34120655059814453
company_HOBAB,0.33913469314575195
tfidf_fresh,0.33815068006515503
company_UGC,0.3375720977783203
cast_Danny Mann,0.33697110414505005
cast_Chris Evans,0.33631086349487305
cast_No Min,0.33562564849853516
company_Bandeira Entertainment,0.334963321685791
tfidf_amy,0.3311445713043213
company_Alloy Entertainment,0.33076512813568115
company_Grey Entertainment,0.3306436538696289
cast_Orlando Bloom,0.3305605351924896
company_Creative Visions Productions,0.33004724979400635
tfidf_african,0.32996654510498047
company_Clifford Werber Productions,0.32996058464050293
tfidf_center,0.3298225402832031
company_Accelerated Entertainment,0.32561278343200684
cast_Sandra Beall,0.32512766122817993
company_Acemaker Movieworks,0.322965145111084
company_Australian Film Finance Corporation,0.32295918464660645
tfidf_hard,0.32278913259506226
company_Vijay Antony Film Corporation,0.3227722644805908
tfidf_lawyer,0.32209157943725586
tfidf_million,0.31703507900238037
cast_Akira Takarada,0.31676775217056274
tfidf_medical,0.3160001039505005
company_Capitol Films,0.3139491081237793
cast_Megumi Hayashibara,0.3134324550628662
company_Miramax,0.31282520294189453
cast_Brande Roderick,0.31238341331481934
tfidf_nation,0.3116488456726074
cast_Nia Vardalos,0.30885177850723267
cast_Will Patton,0.3082306981086731
company_LTBL Productions,0.30657196044921875
cast_Carrie Daumery,0.30515098571777344
tfidf_reunites,0.30501246452331543
cast_Caitríona Balfe,0.3026312589645386
cast_Anders Randolf,0.2982914447784424
company_Bakshi Productions,0.2974187135696411
company_David Merrick Productions,0.29715609550476074
tfidf_second,0.297041654586792
tfidf_astronaut,0.29621410369873047
cast_Aki Omoshaybi,0.296205997467041
company_Chris Brinker Productions,0.29416894912719727
cast_Hou Yong,0.29377543926239014
tfidf_tough,0.29220908880233765
company_Studio Rock,0.29091548919677734
company_Handle Productions,0.2906513214111328
cast_Abigail Adams,0.2894101142883301
cast_Agata Gotova,0.28742319345474243
company_Savoy Pictures,0.28520679473876953
company_Copa del Oro,0.2848207950592041
tfidf_case,0.2822608947753906
cast_Kevin James,0.28059232234954834
company_Quantum Films [in],0.28029680252075195
company_Melampo Cinematografica,0.2795714735984802
cast_Aleksandr Kuznetsov,0.279549777507782
company_Imagine Entertainment,0.2771075963973999
company_Fuqua Films,0.27284812927246094
company_Mandate International,0.2693147659301758
cast_A.K. Hangal,0.26640796661376953
company_Silver Screen Partners IV,0.2647688388824463
cast_Jessie Royce Landis,0.2623469829559326
company_Alphaville Films,0.2621966600418091
tfidf_fbi,0.261366605758667
company_DNEG,0.26082271337509155
company_Orange Sky Golden Harvest,0.2605719566345215
tfidf_hall,0.2599763870239258
company_Hera Productions,0.2592529058456421
cast_Nicole Matthias,0.2577495574951172
cast_Rick Cataldo,0.25746917724609375
company_Kingfisher Films,0.25718969106674194
cast_Tommy Lee Jones,0.2565850019454956
company_Sithara Entertainments,0.2558939456939697
cast_Austin Lewis,0.2552201747894287
tfidf_singh,0.25070685148239136
company_Red Right Hand,0.2504868507385254
cast_Jessica Cricks,0.25002503395080566
company_Siera Film,0.2491006851196289
company_42,0.24614429473876953
cast_Kim Young,0.24556398391723633
tfidf_tournament,0.24555373191833496
company_Ealing Studios,0.24512600898742676
company_Pro,0.24251937866210938
cast_Sam Rockwell,0.24191537499427795
cast_Alan Tudyk,0.2344585657119751
company_Hal Wallis Productions,0.23344182968139648
tfidf_leads,0.23304593563079834
company_Fox Searchlight Pictures,0.23198038339614868
company_Universal International Pictures,0.23123693466186523
tfidf_tech,0.22865545749664307
company_Göksel Film,0.22678408026695251
company_Cannon Group,0.22450625896453857
cast_Naomie Harris,0.22388315200805664
cast_Chloe Coleman,0.22311639785766602
cast_Tibor Feldman,0.2209862470626831
company_Lorimar Productions,0.21982717514038086
tfidf_bomb,0.21904222667217255
company_Touchstone Pictures,0.21896672248840332
company_Latent Image Productions Pty. Ltd.,0.21707427501678467
cast_Arnold Chon,0.21683406829833984
company_20th Century Fox Animation,0.2152336835861206
company_Avery Pix,0.21425509452819824
company_Tyler Perry Studios,0.21337270736694336
company_Cattleya,0.21321725845336914
company_Latitude Productions,0.21120476722717285
company_FoxTrot Productions,0.20890283584594727
cast_Cade Woodward,0.20813798904418945
company_Before the Door Pictures,0.20790904760360718
cast_John C. Reilly,0.20775741338729858
company_Epic Productions,0.20482218265533447
company_Boyana Film Studios,0.20341992378234863
tfidf_blue,0.20339298248291016
company_Apipoulaï,0.20278316736221313
company_Mandragora,0.20232582092285156
company_Barefoot Films,0.200065016746521
company_Ring 0 Production Group,0.19995617866516113
company_Amen Ra Films,0.19935858249664307
cast_Adam LeFevre,0.1985480785369873
tfidf_enlists,0.19733142852783203
company_Celluloid Dreams,0.19450950622558594
tfidf_stone,0.1943976879119873
company_Macari/Edelstein,0.19064722955226898
company_BET Films,0.18958139419555664
company_1984 Private Defense Contractors,0.18951940536499023
company_Treehouse Pictures,0.18716686964035034
company_Cinétel,0.18658137321472168
company_Bondesen,0.18645095825195312
company_Eyetronics,0.1833200454711914
company_Lakeshore Entertainment,0.18277359008789062
company_Globus Productions,0.1817493438720703
cast_Rosamund Pike,0.18166399002075195
company_Infinitum Nihil,0.1813104748725891
company_JOY,0.1802959442138672
tfidf_combat,0.17736053466796875
cast_Amir Hisham Ouazzani,0.17579030990600586
company_John Wells Productions,0.17571139335632324
cast_Jo Hyun,0.1752614974975586
cast_Anika Pavel,0.17486625909805298
company_ARTE France Cinéma,0.17441028356552124
company_Working Title Films,0.1731433868408203
company_Corazon Hayagriva,0.17301827669143677
company_Topcraft,0.17231905460357666
cast_Lori Heuring,0.1722254753112793
company_AN Entertainment Pvt. Ltd,0.1717824935913086
company_Davis Entertainment,0.16798067092895508
cast_Abhi Sinha,0.16779470443725586
cast_Allan Steele,0.16738009452819824
company_Lascaux Films,0.16711664199829102
tfidf_terror,0.1646890938282013
company_DreamWorks Pictures,0.16302306950092316
company_AFPI,0.1597980260848999
cast_Alexey Golousenko,0.1587986946105957
tfidf_1st,0.1587972640991211
tfidf_desert,0.15869808197021484
cast_Aspyn Rose,0.15840838849544525
company_Emperor Film Production,0.1583123654127121
tfidf_nazi,0.15676839649677277
company_Alta Vista Productions,0.15607047080993652
cast_Kim Min,0.1538752019405365
company_Big Talk Productions,0.15235090255737305
cast_Chloë Sevigny,0.15225625038146973
company_ARD,0.15058326721191406
company_Batingaw Film Productions,0.15038299560546875
company_30WEST,0.15006780624389648
cast_Aedin Mincks,0.1491861343383789
cast_Anthony Ireland,0.14877939224243164
cast_Eli Wallach,0.14877581596374512
cast_David Rasche,0.14789307117462158
cast_Will Ferrell,0.14696717262268066
company_TriStar Pictures,0.14687444269657135
cast_woo,0.14683319628238678
company_Platinum Dunes,0.14568331837654114
company_Dickhouse Productions,0.14483046531677246
tfidf_mental,0.1445474624633789
company_Lorimar Film Entertainment,0.14006733894348145
company_Brad Zions Films,0.13990020751953125
cast_Brianna Rae Sparrey,0.13726806640625
cast_Chubby Checker,0.13678932189941406
company_Hal Lieberman Company,0.13370871543884277
company_Concorde Pictures,0.1333756446838379
company_Kirschenbaum Films,0.13189208507537842
tfidf_guests,0.12995123863220215
company_TOHO,0.12952393293380737
company_Mayer British Studios,0.12947845458984375
company_Artémis Productions,0.12852779030799866
company_BBC,0.12744712829589844
company_Beech Hill Films,0.1268947720527649
cast_Boris Karloff,0.12383079528808594
company_Canadian Film Development Corporation (CFDC),0.12246084213256836
tfidf_previous,0.12165391445159912
company_Suomen Filmiteollisuus SF (II),0.12155818939208984
company_Associated General Films,0.12115167081356049
company_EFVE,0.12047004699707031
company_Feingold Productions,0.11961445212364197
company_Alpes Cinéma,0.11947774887084961
tfidf_collision,0.11934208869934082
company_Cloud Eight Films,0.11798256635665894
cast_Patricia Parker,0.11772918701171875
company_Toho,0.11675715446472168
cast_Ieva Andrejevaitė,0.11616969108581543
tfidf_30,0.11594587564468384
cast_Asha Sarath,0.11530685424804688
company_Amazon Studios,0.11441969871520996
tfidf_point,0.11429154872894287
tfidf_sentence,0.11399984359741211
company_Bellatrix,0.10941720008850098
company_Celluloid Dreams Productions,0.10834512114524841
company_Dylan Sellers Productions,0.10615729540586472
company_Kinowelt Filmproduktion,0.1059725284576416
tfidf_trail,0.10497760772705078
company_Canadian Film or Video Production Tax Credit (CPTC),0.10426044464111328
cast_Sarah Padden,0.10391765832901001
cast_Mayilsamy,0.10383409261703491
cast_Patrick Kilpatrick,0.10258090496063232
company_3 Marys Entertainment,0.10202646255493164
company_Blinding Edge Pictures,0.10188055038452148
company_Insomnia Entertainment,0.10093498229980469
company_LStar Capital,0.10029220581054688
company_The Weinstein Company,0.10018669068813324
company_Cineplex,0.0988626480102539
tfidf_nice,0.09863734245300293
cast_Julianne Moore,0.09840941429138184
company_A Bigger Boat,0.09734618663787842
company_Paramount Players,0.09725534915924072
company_Pit Bull Productions,0.0970490574836731
cast_Danny Borzage,0.09564322233200073
company_RatPac Entertainment,0.09412503242492676
company_Alliance Entertainment,0.09371352195739746
company_Indus Takies,0.09249919652938843
tfidf_interview,0.09213781356811523
company_Cine1 Studios,0.09131330251693726
cast_Bob Balaban,0.09110254049301147
company_Eskwad,0.09007835388183594
company_Delphi IV Productions,0.08995628356933594
company_Dark Castle Entertainment,0.0896906852722168
cast_Philip Arditti,0.08930990099906921
company_Viacom18 Studios,0.08420562744140625
cast_Bridgette Wilson,0.08415818214416504
company_IES Pino Manso,0.082949697971344
company_Zanuck/Brown Productions,0.08244013786315918
cast_Crystal Rose,0.08213043212890625
company_Gimme Five Films,0.0811002254486084
cast_Nikitin Dheer,0.079414963722229
company_American Empirical Pictures,0.07753360271453857
company_Gaumont Columbia Tristar Films,0.07379007339477539
cast_Anthony Wong,0.07375240325927734
company_Pro Wrestling eXpress,0.07239818572998047
company_Jehan Films,0.07235956192016602
company_Opus Penta,0.07125377655029297
company_Focus Features,0.07033085823059082
cast_Jung Yi,0.06972408294677734
cast_Tony Todd,0.0674142837524414
company_Famous Films (II),0.06740383803844452
tfidf_chris,0.06697726249694824
cast_Aba Arthur,0.06414508819580078
company_IRK Films,0.0633317232131958
company_Bavaria Film,0.06218135356903076
cast_Akira Yamanouchi,0.061983346939086914
cast_Daniel Craig,0.06168085336685181
company_KW Films,0.06149482727050781
tfidf_adult,0.060490965843200684
company_S Pictures,0.05952262878417969
cast_Fahad Mustafa,0.05869680643081665
company_Arka Media Works,0.05764412879943848
cast_Abdul Aziz Jamal,0.05732005834579468
cast_Chuck Hamilton,0.05569843947887421
cast_Ali Rizvi,0.055617570877075195
company_Atmosphere Entertainment MM,0.05503612756729126
cast_Artur Smolyaninov,0.054218292236328125
cast_Barry McEvoy,0.0522117018699646
tfidf_martin,0.05210447311401367
cast_Al Fann,0.05133509635925293
company_Forward Movement,0.05123329162597656
company_Open Road Films,0.05044698715209961
company_Agatha Christie Limited,0.05026242509484291
company_Brayne Studios,0.04955339431762695
cast_David Spade,0.04945647716522217
tfidf_youth,0.048833414912223816
company_Applied Action,0.048795223236083984
cast_Aritra Dutta Banik,0.048369407653808594
company_Axel Films,0.04769712686538696
cast_Assen Blatechki,0.047630518674850464
company_40 Acres and a Mule Filmworks,0.04720558971166611
company_Ayngaran International,0.04578418657183647
company_Scott Rudin Productions,0.044279664754867554
company_Amblin Partners,0.04427509009838104
company_Excel Entertainment,0.04425732418894768
company_Spyglass Entertainment,0.043752193450927734
company_Bright,0.04366810619831085
company_Guy Walks into a Bar Productions,0.04331398010253906
company_Imaginary Forces,0.04284477233886719
company_Anonymous Content,0.042273107916116714
tfidf_north,0.04062485694885254
cast_Kevin Parker,0.04023204743862152
company_Enjoy Movies,0.03880500793457031
cast_Al Hopson,0.03691840171813965
cast_Kanwaljit Singh,0.03360873460769653
company_Anka Film,0.03353464603424072
company_A24,0.028989315032958984
cast_Anaitha Nair,0.028392553329467773
cast_Frank O'Connor,0.027841269969940186
company_Lama Films,0.027656078338623047
company_Bad Robot,0.02759457379579544
company_Baldwin/Cohen Productions,0.02711358666419983
company_Hérodiade,0.02595973014831543
company_Across the River Productions,0.02551424503326416
tfidf_corporate,0.024341583251953125
cast_David Love,0.024310588836669922
company_Atmo Production,0.024023257195949554
cast_Irving Bacon,0.023037761449813843
company_ONF | NFB,0.02219367027282715
company_Callahan Filmworks,0.021267546340823174
company_Bend It Films,0.019562244415283203
cast_Ana Alicia,0.018738508224487305
company_MC Productions,0.018674850463867188
cast_Nayyar Ejaz,0.017787929624319077
company_American International Pictures,0.017321109771728516
cast_Alice Ghostley,0.016507506370544434
company_Yash Raj Films,0.01646016538143158
company_Conundrum Entertainment,0.015511780977249146
company_CTB Film Company,0.014945507049560547
company_Morra Brezner Steinberg and Tenenbaum Entertainment (MBST),0.014413833618164062
company_Filmwala Pictures,0.013159394264221191
company_Davis Films,0.013124428689479828
cast_Daisuke Katō,0.01302194595336914
cast_Ali Cobrin,0.011736541986465454
cast_Kevin LaRosa Jr.,0.01131528802216053
company_CAC Entertainment,0.01067495346069336
company_Anurag Kashyap Films,0.010419249534606934
company_Walter Wanger Productions,0.00963979959487915
company_NVSH Productions,0.008857816457748413
company_Caballo Films,0.008571028709411621
company_Casual Friday Productions,0.008149117231369019
company_Last Picture Show Productions,0.007028102874755859
company_3Foot7,0.006972260773181915
company_Esperanto Filmoj,0.006657600402832031
company_Atlantic Films,0.006264925003051758
cast_Alex C. Riley Hughes,0.005122482776641846
company_Walt Disney Productions,0.004488945007324219
cast_Melissa Leo,0.0034540612250566483
company_Concord Productions Inc.,0.0029854774475097656
cast_Gordon Pinsent,0.0023204218596220016
company_Dago Productions,0.0007994174957275391
cast_Adrian Titieni,0.00036209821701049805
